How to do fast prefix string matching in Scala,TreeSet,Iterable,Set,String
How to pass value for a treeset in spring?,Set,TreeSet
What is the most efficient way to access particular elements in a SortedSet?,NavigableMap,SortedSet,TreeSet,List
How to use put() in a subclass of Java's TreeMap,TreeMap
How to create TreeMap of ArrayList in Groovy,TreeMap,ArrayList,Map
How to convert Java Collection[Int] to Array[Int] in Scala,Collection,Iterable
"how to sort a scala.collection.Map[java.lang.String, Int] by its values?",SortedMap,Map,List,String
How to get all values from the destination List in this example,SortedSet,TreeSet,List
How to Customize a TreeMap to sort keys in descending order?,Entry,TreeMap,Map
How to create Async Task loading back ground while get data from data base,SortedMap,TreeMap
How to tell if Queue size is greater than max int?,Iterator,PriorityQueue
How to convert XML to java.util.Map and vice versa,HashMap,Map,String,Entry
When to use LinkedList over ArrayList?,Iterator,ArrayList,ArrayDeque,LinkedList,List
Differences between HashMap and Hashtable?,HashMap
How can I add an Map Entry to an ArrayList?,List,Map,Entry,String,ArrayList,Collections,Comparator
How can I initialise a static Map?,Map,Collections
How do I shuffle a deque?,Collections,Deque,List,ArrayList,ArrayDeque,LinkedList
How do I use a PriorityQueue?,Comparator,Map,Set,String,PriorityQueue
How do you implement a Stack and a Queue in JavaScript?,Stack,Queue
How to compare arbitrary elements in Java PriorityQueue?,PriorityQueue,TreeSet,Iterator
How to convert an Array to a Set in Java,List,Set
How to create Comparator,Comparable,Comparator,String
How to create Linkedhashset using Hashset?,LinkedHashSet,Hashset
How to efficiently iterate over each Entry in a Map?,Map,Set,String,Iterator,Entry
how to get the one entry from hashmap without iterating,TreeMap,String,HashMap
How to initialize SortedMap?,List,ArrayList,LinkedList,SortedMap
How to Loop in NavigableMap in Java,Collection,Iterator,Map,Set
how to remove element from NavigableSet,NavigableSet,TreeSet,Iterator
What interface represents a LinkedHashSet with insertion order iteration,Set,LinkedHashSet
What is the best way to filter a Java Collection?,List,Collection
