How to obtain the start time and end time of a day?,Datetime,Interval,Period,Duration
How to determine day of week by passing specific date?,Datetime,DatetimeFormat
Generics Hell -How do I pass a joda.DateTime to Hamcrest Matcher.greaterThan?,ReadableInstant,DateTime
Why are Joda-Time instant objects immutable?,Instant,ReadableInstant,DateTime
How does ISOChronology represent date and time fields in Joda-Time?,ISOChronology,Chronology
How can I get the names of days of week in JodaTime,DateTime,DateTime.Property,DateTimeConstants
How can DateTimeFormat parse only strings in yyyyMMdd form?,DateTimeFormat,DateTime
How is an exact duration represented in milliseconds in Joda-Time?,Duration
How do I calculate the difference between two dates?,Period,PeriodType
"How do I store a timeline/schedule, location full or empty from time x to y (interval)?",Interval,DateTime,Duration
How is Joda MutableDateTime's setDate(DateTime) method working?,DateTime,DateTimeZone.getAvailableIDs(),MutableDateTime
How to add one day to a date?,Datetime
How can Joda-Time calculate the difference in months between two dates?,Period,PeriodType,DateTime
How to check if a list of intervals (Joda-Time) fully covers a month in Java,Interval
How to compare date instances in same time zone with different time zone representations?,ISODateTimeFormat
How to compare DateTime or MutableDateTime objects correctly in Joda Time?,DateTime
How to compare two Instant based on the date not time,Instant
How can Joda-Time obtain the current instant in UTC?,Instant,DateTime
How to convert ReadableInstant (Joda Time) to Java Date?,ReadableInstant
How to Convert type Instant to type XMLGregorianCalendar?,Instant
How can Joda-Time create DateTime values for midnight today and tomorrow?,DateMidnight,DateTime
how to get any specific date of current year,DateTimeFormat,DateTime
How to get epoch limits of Java 8 chronology?,Chronology
How to handle jodatime Illegal instant due to time zone offset transition,DateTime,Instant
How can a date string be converted to a Joda-Time DateTime object?,DateTime,DateTimeFormat
How to keep track of non empty field in Joda date buffer,Mutabledatetime
How to represent Oracle Interval in Java,Interval
How can DateTimeFormat parse a timestamp string into a Joda-Time DateTime?,DateTimeFormat,DateTime
How can the time-zone setting of a Joda-Time DateTime be changed?,DateTime
"Joda-Time: what's the difference between Period, Interval and Duration?",Interval,Duration,Period
